{"cameraMode":{"drawMode":0,"name":"Shaded","section":"Shading Mode"},"sceneLighting":true,"audioPlay":false,"sceneViewState":{"showFog":true,"showMaterialUpdate":true,"showSkybox":true,"showFlares":true,"showImageEffects":true,"showParticleSystems":true},"in2DMode":false,"pivot":{"x":0.7293506264686585,"y":0.7399355173110962,"z":0.35048145055770876},"rotation":{"x":-0.039173901081085208,"y":0.07995012402534485,"z":-0.003144171554595232,"w":-0.9960330128669739},"size":6.528101444244385,"orthographic":false}